[
{
    "model": "users.customuser",
    "pk": 100,
    "fields": {
        "password": "",
        "last_login": null,
        "is_superuser": false,
        "username": "bingobongo",
        "first_name": "",
        "last_name": "",
        "email": "bingobongo@yamdb.fake",
        "is_staff": false,
        "is_active": true,
        "date_joined": "2024-06-15T19:32:10.017Z",
        "bio": "",
        "role": "user",
        "groups": [],
        "user_permissions": []
    }
},
{
    "model": "users.customuser",
    "pk": 101,
    "fields": {
        "password": "",
        "last_login": null,
        "is_superuser": false,
        "username": "capt_obvious",
        "first_name": "",
        "last_name": "",
        "email": "capt_obvious@yamdb.fake",
        "is_staff": false,
        "is_active": true,
        "date_joined": "2024-06-15T19:32:10.023Z",
        "bio": "",
        "role": "admin",
        "groups": [],
        "user_permissions": []
    }
},
{
    "model": "users.customuser",
    "pk": 102,
    "fields": {
        "password": "",
        "last_login": null,
        "is_superuser": false,
        "username": "faust",
        "first_name": "",
        "last_name": "",
        "email": "faust@yamdb.fake",
        "is_staff": false,
        "is_active": true,
        "date_joined": "2024-06-15T19:32:10.027Z",
        "bio": "",
        "role": "user",
        "groups": [],
        "user_permissions": []
    }
},
{
    "model": "users.customuser",
    "pk": 103,
    "fields": {
        "password": "",
        "last_login": null,
        "is_superuser": false,
        "username": "reviewer",
        "first_name": "",
        "last_name": "",
        "email": "reviewer@yamdb.fake",
        "is_staff": false,
        "is_active": true,
        "date_joined": "2024-06-15T19:32:10.032Z",
        "bio": "",
        "role": "user",
        "groups": [],
        "user_permissions": []
    }
},
{
    "model": "users.customuser",
    "pk": 104,
    "fields": {
        "password": "",
        "last_login": null,
        "is_superuser": false,
        "username": "angry",
        "first_name": "",
        "last_name": "",
        "email": "angry@yamdb.fake",
        "is_staff": false,
        "is_active": true,
        "date_joined": "2024-06-15T19:32:10.036Z",
        "bio": "",
        "role": "moderator",
        "groups": [],
        "user_permissions": []
    }
},
{
    "model": "reviews.category",
    "pk": 1,
    "fields": {
        "name": "Фильм",
        "slug": "movie"
    }
},
{
    "model": "reviews.category",
    "pk": 2,
    "fields": {
        "name": "Книга",
        "slug": "book"
    }
},
{
    "model": "reviews.category",
    "pk": 3,
    "fields": {
        "name": "Музыка",
        "slug": "music"
    }
},
{
    "model": "reviews.genre",
    "pk": 1,
    "fields": {
        "name": "Драма",
        "slug": "drama"
    }
},
{
    "model": "reviews.genre",
    "pk": 2,
    "fields": {
        "name": "Комедия",
        "slug": "comedy"
    }
},
{
    "model": "reviews.genre",
    "pk": 3,
    "fields": {
        "name": "Вестерн",
        "slug": "western"
    }
},
{
    "model": "reviews.genre",
    "pk": 4,
    "fields": {
        "name": "Фэнтези",
        "slug": "fantasy"
    }
},
{
    "model": "reviews.genre",
    "pk": 5,
    "fields": {
        "name": "Фантастика",
        "slug": "sci-fi"
    }
},
{
    "model": "reviews.genre",
    "pk": 6,
    "fields": {
        "name": "Детектив",
        "slug": "detective"
    }
},
{
    "model": "reviews.genre",
    "pk": 7,
    "fields": {
        "name": "Триллер",
        "slug": "thriller"
    }
},
{
    "model": "reviews.genre",
    "pk": 8,
    "fields": {
        "name": "Сказка",
        "slug": "tale"
    }
},
{
    "model": "reviews.genre",
    "pk": 9,
    "fields": {
        "name": "Гонзо",
        "slug": "gonzo"
    }
},
{
    "model": "reviews.genre",
    "pk": 10,
    "fields": {
        "name": "Роман",
        "slug": "roman"
    }
},
{
    "model": "reviews.genre",
    "pk": 11,
    "fields": {
        "name": "Баллада",
        "slug": "ballad"
    }
},
{
    "model": "reviews.genre",
    "pk": 12,
    "fields": {
        "name": "Rock-n-roll",
        "slug": "rock-n-roll"
    }
},
{
    "model": "reviews.genre",
    "pk": 13,
    "fields": {
        "name": "Классика",
        "slug": "classical"
    }
},
{
    "model": "reviews.genre",
    "pk": 14,
    "fields": {
        "name": "Рок",
        "slug": "rock"
    }
},
{
    "model": "reviews.genre",
    "pk": 15,
    "fields": {
        "name": "Шансон",
        "slug": "chanson"
    }
},
{
    "model": "reviews.title",
    "pk": 1,
    "fields": {
        "name": "Побег из Шоушенка",
        "year": 1994,
        "description": "",
        "category": 1,
        "genre": [
            1
        ]
    }
},
{
    "model": "reviews.title",
    "pk": 2,
    "fields": {
        "name": "Крестный отец",
        "year": 1972,
        "description": "",
        "category": 1,
        "genre": [
            1
        ]
    }
},
{
    "model": "reviews.title",
    "pk": 3,
    "fields": {
        "name": "12 разгневанных мужчин",
        "year": 1957,
        "description": "",
        "category": 1,
        "genre": [
            1
        ]
    }
},
{
    "model": "reviews.title",
    "pk": 4,
    "fields": {
        "name": "Список Шиндлера",
        "year": 1993,
        "description": "",
        "category": 1,
        "genre": [
            1
        ]
    }
},
{
    "model": "reviews.title",
    "pk": 5,
    "fields": {
        "name": "Криминальное чтиво",
        "year": 1994,
        "description": "",
        "category": 1,
        "genre": [
            6,
            2,
            7
        ]
    }
},
{
    "model": "reviews.title",
    "pk": 6,
    "fields": {
        "name": "Хороший, плохой, злой",
        "year": 1966,
        "description": "",
        "category": 1,
        "genre": [
            3
        ]
    }
},
{
    "model": "reviews.title",
    "pk": 7,
    "fields": {
        "name": "Властелин колец: Братство кольца",
        "year": 2001,
        "description": "",
        "category": 1,
        "genre": [
            4
        ]
    }
},
{
    "model": "reviews.title",
    "pk": 8,
    "fields": {
        "name": "Бойцовский клуб",
        "year": 1999,
        "description": "",
        "category": 1,
        "genre": [
            7
        ]
    }
},
{
    "model": "reviews.title",
    "pk": 9,
    "fields": {
        "name": "Форрест Гамп",
        "year": 1994,
        "description": "",
        "category": 1,
        "genre": [
            1,
            2
        ]
    }
},
{
    "model": "reviews.title",
    "pk": 10,
    "fields": {
        "name": "Звёздные войны. Эпизод 5: Империя наносит ответный удар",
        "year": 1980,
        "description": "",
        "category": 1,
        "genre": [
            4
        ]
    }
},
{
    "model": "reviews.title",
    "pk": 11,
    "fields": {
        "name": "Властелин колец: Две крепости",
        "year": 2002,
        "description": "",
        "category": 1,
        "genre": [
            4
        ]
    }
},
{
    "model": "reviews.title",
    "pk": 12,
    "fields": {
        "name": "Матрица",
        "year": 1999,
        "description": "",
        "category": 1,
        "genre": [
            6,
            1,
            8,
            5
        ]
    }
},
{
    "model": "reviews.title",
    "pk": 13,
    "fields": {
        "name": "Пролетая над гнездом кукушки",
        "year": 1975,
        "description": "",
        "category": 1,
        "genre": [
            1
        ]
    }
},
{
    "model": "reviews.title",
    "pk": 14,
    "fields": {
        "name": "Назад в будущее",
        "year": 1985,
        "description": "",
        "category": 1,
        "genre": [
            5
        ]
    }
},
{
    "model": "reviews.title",
    "pk": 15,
    "fields": {
        "name": "Операция «Ы» и другие приключения Шурика",
        "year": 1965,
        "description": "",
        "category": 1,
        "genre": [
            6,
            2,
            8
        ]
    }
},
{
    "model": "reviews.title",
    "pk": 16,
    "fields": {
        "name": "Карты, деньги, два ствола",
        "year": 1998,
        "description": "",
        "category": 1,
        "genre": [
            2
        ]
    }
},
{
    "model": "reviews.title",
    "pk": 17,
    "fields": {
        "name": "Джентльмены удачи ",
        "year": 1971,
        "description": "",
        "category": 1,
        "genre": [
            2
        ]
    }
},
{
    "model": "reviews.title",
    "pk": 18,
    "fields": {
        "name": "Джанго освобожденный",
        "year": 2012,
        "description": "",
        "category": 1,
        "genre": [
            1
        ]
    }
},
{
    "model": "reviews.title",
    "pk": 19,
    "fields": {
        "name": "Generation П",
        "year": 2011,
        "description": "",
        "category": 1,
        "genre": [
            1
        ]
    }
},
{
    "model": "reviews.title",
    "pk": 20,
    "fields": {
        "name": "Колобок",
        "year": 1873,
        "description": "",
        "category": 2,
        "genre": [
            8,
            7
        ]
    }
},
{
    "model": "reviews.title",
    "pk": 21,
    "fields": {
        "name": "Страх и ненависть в Лас-Вегасе",
        "year": 1971,
        "description": "",
        "category": 2,
        "genre": [
            9
        ]
    }
},
{
    "model": "reviews.title",
    "pk": 22,
    "fields": {
        "name": "Война и мир",
        "year": 1865,
        "description": "",
        "category": 2,
        "genre": [
            10
        ]
    }
},
{
    "model": "reviews.title",
    "pk": 23,
    "fields": {
        "name": "Улисс",
        "year": 1918,
        "description": "",
        "category": 2,
        "genre": [
            10
        ]
    }
},
{
    "model": "reviews.title",
    "pk": 24,
    "fields": {
        "name": "Generation П",
        "year": 1999,
        "description": "",
        "category": 2,
        "genre": [
            10
        ]
    }
},
{
    "model": "reviews.title",
    "pk": 25,
    "fields": {
        "name": "Винни Пух и все-все-все",
        "year": 1926,
        "description": "",
        "category": 2,
        "genre": [
            8
        ]
    }
},
{
    "model": "reviews.title",
    "pk": 26,
    "fields": {
        "name": "Стас Михайлов - Позывные на любовь",
        "year": 2004,
        "description": "",
        "category": 3,
        "genre": [
            15
        ]
    }
},
{
    "model": "reviews.title",
    "pk": 27,
    "fields": {
        "name": "Led Zeppelin — Stairway to Heaven",
        "year": 1971,
        "description": "",
        "category": 3,
        "genre": [
            11,
            14
        ]
    }
},
{
    "model": "reviews.title",
    "pk": 28,
    "fields": {
        "name": "Jethro Tull - Aqualung",
        "year": 1971,
        "description": "",
        "category": 3,
        "genre": [
            11
        ]
    }
},
{
    "model": "reviews.title",
    "pk": 29,
    "fields": {
        "name": "Elvis Presley - Blue Suede Shoes",
        "year": 1955,
        "description": "",
        "category": 3,
        "genre": [
            12
        ]
    }
},
{
    "model": "reviews.title",
    "pk": 30,
    "fields": {
        "name": "Deep Purple — Smoke on the Water",
        "year": 1971,
        "description": "",
        "category": 3,
        "genre": [
            14
        ]
    }
},
{
    "model": "reviews.title",
    "pk": 31,
    "fields": {
        "name": "Моцарт - Турецкий марш",
        "year": 1784,
        "description": "",
        "category": 3,
        "genre": [
            13
        ]
    }
},
{
    "model": "reviews.title",
    "pk": 32,
    "fields": {
        "name": "Бах. Оркестровая Сюита №2 си минор",
        "year": 1739,
        "description": "",
        "category": 3,
        "genre": [
            13
        ]
    }
},
{
    "model": "reviews.review",
    "pk": 1,
    "fields": {
        "text": "Ставлю десять звёзд!\n...Эти голоса были чище и светлее тех, о которых мечтали в этом сером, убогом месте. Как будто две птички влетели и своими голосами развеяли стены наших клеток, и на короткий миг каждый человек в Шоушенке почувствовал себя свободным.",
        "author": 100,
        "title": 1,
        "score": 10,
        "pub_date": "2024-06-15T19:41:03.699Z"
    }
},
{
    "model": "reviews.review",
    "pk": 2,
    "fields": {
        "text": "Не привыкай\n«Эти стены имеют одно свойство: сначала ты их ненавидишь, потом привыкаешь, а потом не можешь без них жить»",
        "author": 101,
        "title": 1,
        "score": 10,
        "pub_date": "2024-06-15T19:41:03.715Z"
    }
},
{
    "model": "reviews.review",
    "pk": 3,
    "fields": {
        "text": "Фильм, разобранный на цитаты, достоин высшей оценки. Десять с плюсом (жаль, тут плюса нет)\n\"Ты пришел и говоришь: \"Дон Корлеоне, мне нужна справедливость\". Но ты просишь без уважения, ты не предлагаешь дружбу, ты даже не назвал меня Крестным Отцом.\"",
        "author": 102,
        "title": 2,
        "score": 10,
        "pub_date": "2024-06-15T19:41:03.724Z"
    }
},
{
    "model": "reviews.review",
    "pk": 4,
    "fields": {
        "text": "Жестокий, жестокий, жестокий мир, не о таком мечтали мы в детстве!!111\n***Отец сделал ему предложение, от которого он не смог отказаться. Лука Брази держал пистолет у его виска, и отец предложил выбор: либо на контракте мозги, либо подпись.***",
        "author": 103,
        "title": 2,
        "score": 1,
        "pub_date": "2024-06-15T19:41:03.732Z"
    }
},
{
    "model": "reviews.review",
    "pk": 5,
    "fields": {
        "text": "Это мои соседи! Ставлю три звезды за то, что они дважды отдавили мне окном пальцы:\n----------------------\n— Вы живёте в плохом районе?\n— Не то слово. Однажды с нашей улицы угнали полицейскую машину с двумя полицейскими. В дом всё время лезут воры. Каждый раз, как я пытаюсь закрыть окно, прищемляю кому-нибудь пальцы.",
        "author": 104,
        "title": 2,
        "score": 3,
        "pub_date": "2024-06-15T19:41:03.739Z"
    }
},
{
    "model": "reviews.review",
    "pk": 6,
    "fields": {
        "text": "Всё, как в разных языках программирования! В основном — похоже, но вот эти маленькие различия выводят из себя. \nВеликий фильм на все случаи жизни!\n=====================================================\n— А знаешь, как в Париже называют четвертьфунтовый чизбургер?\n— Что, они не зовут его четвертьфунтовый чизбургер?\n— У них там метрическая система. Они вообще там не понимают, что за хрен четверть фунта.\n— И как они его зовут?\n— Они зовут его «Роял чизбургер».\n— «Роял чизбургер»? А как же тогда они зовут «Биг Мак»?\n— «Биг Мак» это «Биг Мак», только они называют его «Лё Биг Мак».",
        "author": 100,
        "title": 5,
        "score": 8,
        "pub_date": "2024-06-15T19:41:03.776Z"
    }
},
{
    "model": "reviews.review",
    "pk": 7,
    "fields": {
        "text": "Ничего не понятно. Они там что, страницы сценария перепутали? Его сперва убили, а потом он опять жив, а они сперва в футболках, потом в костюмах, а потом опять в футболках. Ерунда полная",
        "author": 101,
        "title": 5,
        "score": 1,
        "pub_date": "2024-06-15T19:41:03.782Z"
    }
},
{
    "model": "reviews.review",
    "pk": 8,
    "fields": {
        "text": "Очень поучительный фильм о том, что такое хорошо, что такое плохо и почему не надо читать в туалете.\nТвердая восьмёрка",
        "author": 102,
        "title": 5,
        "score": 8,
        "pub_date": "2024-06-15T19:41:03.788Z"
    }
},
{
    "model": "reviews.review",
    "pk": 9,
    "fields": {
        "text": "Посмотрел фильм. \n— На свете есть два типа людей: те, кто копает и те, у кого заряжен револьвер.\nПойду копать, как велел Клинт. \nДевять баллов.",
        "author": 103,
        "title": 6,
        "score": 9,
        "pub_date": "2024-06-15T19:41:03.795Z"
    }
},
{
    "model": "reviews.review",
    "pk": 10,
    "fields": {
        "text": "Вечная проблема всех злодеев, болтающих-болтающих-болтающих вместо того, чтобы просто застрелить противника, одним махом решена в этой сцене.\nЗа одно это фильм заслуживает высшего балла\n\"Пришел стрелять - стреляй, а не болтай!\"",
        "author": 104,
        "title": 6,
        "score": 10,
        "pub_date": "2024-06-15T19:41:03.801Z"
    }
},
{
    "model": "reviews.review",
    "pk": 12,
    "fields": {
        "text": "Недавно именно так я изобрёл вечный двигатель! Чистая правда в фильме, почему он назван \"фантастикой\", это же полнейший реализм!\nВот цитата. Но зачем ему часы в уборной?!\n— В тот день я изобрёл путешествие во времени! Как сейчас помню… Я стоял на унитазе и вешал часы. Вдруг подскользнулся, ударился головой о раковину",
        "author": 101,
        "title": 14,
        "score": 8,
        "pub_date": "2024-06-15T19:41:03.913Z"
    }
},
{
    "model": "reviews.review",
    "pk": 13,
    "fields": {
        "text": "Великий фильм, жаль только, что будущее, которое в нём показано, уже в прошлом. Но проблемы всё теже, вот как эта, например: «Док, послушай, всё, что нам нужно — это немного плутония!»\nВсегда не хватает какой-нибудь мелочи. Семёрка за то, что будущее оказалось не таким, как обещали.",
        "author": 102,
        "title": 14,
        "score": 7,
        "pub_date": "2024-06-15T19:41:03.918Z"
    }
},
{
    "model": "reviews.review",
    "pk": 14,
    "fields": {
        "text": "Будущее выглядит странно и неожиданно, тоже мне, бином Ньютона. Но диалог прекрасен, и за это не стану сильно минусовать.\n-- Then tell me, future boy, who's President of the United States in 1985?\n-- Ronald Reagan.\n-- Ronald Reagan? The actor? Then who's vice president? Jerry Lewis?",
        "author": 103,
        "title": 14,
        "score": 4,
        "pub_date": "2024-06-15T19:41:03.924Z"
    }
},
{
    "model": "reviews.review",
    "pk": 15,
    "fields": {
        "text": "Неужели из тюрьмы так легко было сбежать? Раз - и ты на свободе. Да, побег из Шоушенка пришлось готовить немного дольше. Пять за соцреализм",
        "author": 104,
        "title": 17,
        "score": 5,
        "pub_date": "2024-06-15T19:41:03.969Z"
    }
},
{
    "model": "reviews.review",
    "pk": 16,
    "fields": {
        "text": "Сходила в кино, решила написать: драйв и огонь, но иногда какой-то бред на экране. В середине фильма просто отличные диалоги! Пусть будет 7",
        "author": 100,
        "title": 3,
        "score": 7,
        "pub_date": "2024-06-15T19:41:03.746Z"
    }
},
{
    "model": "reviews.review",
    "pk": 17,
    "fields": {
        "text": "Смотрел, не отрываясь, хочу описать свои впечатления. По моему мнению, сценарий подкачал, зато подбор актёров - супер. Начало немного затянуто. Оператору - Оскара! Всё остальное - не очень. Фильм тянет на 8 из 10",
        "author": 101,
        "title": 3,
        "score": 8,
        "pub_date": "2024-06-15T19:41:03.753Z"
    }
},
{
    "model": "reviews.review",
    "pk": 18,
    "fields": {
        "text": "Скачал, посмотрел, думаю, что актёры так себе, сценарий хороший. Диалоги прекрасные, так что пусть будет восемь звезд",
        "author": 102,
        "title": 4,
        "score": 8,
        "pub_date": "2024-06-15T19:41:03.760Z"
    }
},
{
    "model": "reviews.review",
    "pk": 19,
    "fields": {
        "text": "Посмотрел. По моему мнению, актёры так себе, но сценарий хороший. Первую половину фильма можно спать, не опасаясь, что что-то пропустишь. Не раздумывая, ставлю уверенную десятку",
        "author": 103,
        "title": 4,
        "score": 10,
        "pub_date": "2024-06-15T19:41:03.767Z"
    }
},
{
    "model": "reviews.review",
    "pk": 20,
    "fields": {
        "text": "Скажу тем, кто ещё не смотрел: если бы я был режиссёром этого фильма - я бы не гордился. Оператора уволить, фильм получился так себе, но один раз посмотреть - сойдёт. Авторы честно заслужили 5 из 10",
        "author": 104,
        "title": 7,
        "score": 5,
        "pub_date": "2024-06-15T19:41:03.813Z"
    }
},
{
    "model": "reviews.review",
    "pk": 21,
    "fields": {
        "text": "Скачал, посмотрел, думаю, что сценарий подкачал, зато подбор актёров - супер. Начало немного затянуто, да и вообще не очень. Фильм едва тянет на 4",
        "author": 100,
        "title": 7,
        "score": 4,
        "pub_date": "2024-06-15T19:41:03.807Z"
    }
},
{
    "model": "reviews.review",
    "pk": 22,
    "fields": {
        "text": "Мне кажется, что я впустую потерял время. Ставлю 2",
        "author": 101,
        "title": 8,
        "score": 2,
        "pub_date": "2024-06-15T19:41:03.819Z"
    }
},
{
    "model": "reviews.review",
    "pk": 23,
    "fields": {
        "text": "Посмотрела. Актёры так себе, сценарий хороший. Уснула к середине. Не раздумывая, ставлю двойку ",
        "author": 102,
        "title": 8,
        "score": 2,
        "pub_date": "2024-06-15T19:41:03.825Z"
    }
},
{
    "model": "reviews.review",
    "pk": 24,
    "fields": {
        "text": "Все очень долго ждали премьеру фильма,и наконец дождались.Фильм отличный,добрый,смотрится почти на одном дыхании,с завязанным сюжетом и не менее крутой музыкой.Кино очень понравилось!!!Всем советую.",
        "author": 103,
        "title": 9,
        "score": 10,
        "pub_date": "2024-06-15T19:41:03.838Z"
    }
},
{
    "model": "reviews.review",
    "pk": 25,
    "fields": {
        "text": "Отстой-фильм. Не ходите",
        "author": 104,
        "title": 9,
        "score": 1,
        "pub_date": "2024-06-15T19:41:03.845Z"
    }
},
{
    "model": "reviews.review",
    "pk": 26,
    "fields": {
        "text": "Для людей, которые хотят посмеяться и получить море эмоций, тот самый фильм. Мне очень понравился.",
        "author": 100,
        "title": 9,
        "score": 10,
        "pub_date": "2024-06-15T19:41:03.832Z"
    }
},
{
    "model": "reviews.review",
    "pk": 27,
    "fields": {
        "text": "Первый раз в жизни решила написать отзыв,чтобы предостеречь от потери денег на билет и траты времени на просмотр. К игре актеров претензий нет",
        "author": 101,
        "title": 10,
        "score": 2,
        "pub_date": "2024-06-15T19:41:03.850Z"
    }
},
{
    "model": "reviews.review",
    "pk": 28,
    "fields": {
        "text": "2 часа смотрятся на одном дыхании. Спецэффекты на уровне фильмов Марвела. Смотрели всей семьей. Посмотрел несколько отзывов, понял , что фильм стоит посмотреть",
        "author": 102,
        "title": 10,
        "score": 10,
        "pub_date": "2024-06-15T19:41:03.856Z"
    }
},
{
    "model": "reviews.review",
    "pk": 29,
    "fields": {
        "text": "Действия персонажей вызывают постоянный вопросы - что и зачем они это делают. Логики просто нет. После половины фильма уже хочется уйти",
        "author": 103,
        "title": 11,
        "score": 1,
        "pub_date": "2024-06-15T19:41:03.867Z"
    }
},
{
    "model": "reviews.review",
    "pk": 30,
    "fields": {
        "text": "Лучший фильм, однозначно. Шедевр. Но следует понимать, что это не кино под пиво для молодежи. Стильно снято, на одном дыхании\nсмотрится, персонажи великолепны",
        "author": 104,
        "title": 11,
        "score": 10,
        "pub_date": "2024-06-15T19:41:03.874Z"
    }
},
{
    "model": "reviews.review",
    "pk": 31,
    "fields": {
        "text": "Тупее не видел, смотреть не интересно скучняк",
        "author": 100,
        "title": 11,
        "score": 1,
        "pub_date": "2024-06-15T19:41:03.862Z"
    }
},
{
    "model": "reviews.review",
    "pk": 32,
    "fields": {
        "text": "Фильм интересный,но не доработанный.Остроты сюжета не хватает",
        "author": 101,
        "title": 12,
        "score": 8,
        "pub_date": "2024-06-15T19:41:03.879Z"
    }
},
{
    "model": "reviews.review",
    "pk": 33,
    "fields": {
        "text": "Самая сильная картина за последнее время. Фильм заставляет плакать, радоваться, грустить, держит в напряжении",
        "author": 102,
        "title": 12,
        "score": 10,
        "pub_date": "2024-06-15T19:41:03.885Z"
    }
},
{
    "model": "reviews.review",
    "pk": 34,
    "fields": {
        "text": "С огромным удовольствием сходила в кинотеатр. Одноразовые фильмы, названия которых забываешь на выходе из дверей кинозала, разочаровывают. И вот настоящий, душевный, жизненный фильм. Игра акторов и сюжет бомбические.",
        "author": 103,
        "title": 12,
        "score": 9,
        "pub_date": "2024-06-15T19:41:03.891Z"
    }
},
{
    "model": "reviews.review",
    "pk": 35,
    "fields": {
        "text": "Что сказать после просмотра? Ничего. Такое ощущение, что тебя обманули, заставили смотреть за твои деньги на стену",
        "author": 104,
        "title": 13,
        "score": 1,
        "pub_date": "2024-06-15T19:41:03.908Z"
    }
},
{
    "model": "reviews.review",
    "pk": 36,
    "fields": {
        "text": "Хотелось уйти уже на двадцатой минуте. Неинтересно и нудно. Режиссура не впечатлила, ну просто неинтересно смотреть было",
        "author": 100,
        "title": 13,
        "score": 2,
        "pub_date": "2024-06-15T19:41:03.896Z"
    }
},
{
    "model": "reviews.review",
    "pk": 37,
    "fields": {
        "text": "Фильм стоит увидеть тем, кому интересно современное кино. Не скучно, не затянуто, понравилась операторская работа, некоторые сцены сделаны на хорошем уровне",
        "author": 101,
        "title": 13,
        "score": 8,
        "pub_date": "2024-06-15T19:41:03.901Z"
    }
},
{
    "model": "reviews.review",
    "pk": 38,
    "fields": {
        "text": "Муторно и тяжело. Ставлю 2",
        "author": 102,
        "title": 15,
        "score": 2,
        "pub_date": "2024-06-15T19:41:03.929Z"
    }
},
{
    "model": "reviews.review",
    "pk": 39,
    "fields": {
        "text": "Фильм не оправдал ожиданий. Сплошная каша, слабый сценарий. С трудом досмотрела до конца. Ожидала нечто такого интересного и захватывающее. Полное разочарование. Отдельные несвязные сцены, непонятные диалоги",
        "author": 103,
        "title": 15,
        "score": 3,
        "pub_date": "2024-06-15T19:41:03.935Z"
    }
},
{
    "model": "reviews.review",
    "pk": 40,
    "fields": {
        "text": "Мне фильм понравился. Все качественно,красиво. Игра актеров, в основном, очень даже. Но слишком много, для меня кровавых сцен,слабонервным просьба не смотреть",
        "author": 104,
        "title": 15,
        "score": 9,
        "pub_date": "2024-06-15T19:41:03.942Z"
    }
},
{
    "model": "reviews.review",
    "pk": 41,
    "fields": {
        "text": "Зря потерянное время! Эмоции после просмотра, - безысходность, ничего уже не изменишь. Фильм вообще никакой!!!\nИ поставили его люди бездарные и никчёмные!!!",
        "author": 100,
        "title": 16,
        "score": 1,
        "pub_date": "2024-06-15T19:41:03.947Z"
    }
},
{
    "model": "reviews.review",
    "pk": 42,
    "fields": {
        "text": "После просмотра разочарование граничит с шоком. Бездарный фильм, как предыдущий от этого же режиссера. Не рекомендую никому! Плохо, неправдоподобно, скомкано снято.",
        "author": 101,
        "title": 16,
        "score": 2,
        "pub_date": "2024-06-15T19:41:03.952Z"
    }
},
{
    "model": "reviews.review",
    "pk": 43,
    "fields": {
        "text": "Фильм мощный. Главное - не занимать чью-то позицию, а смотреть со стороны. Впервые вижу, чтобы было так детально показаны переживания и эмоции каждого героя. Все на своем месте. Актеры и графика на высоте.",
        "author": 102,
        "title": 16,
        "score": 10,
        "pub_date": "2024-06-15T19:41:03.958Z"
    }
},
{
    "model": "reviews.review",
    "pk": 44,
    "fields": {
        "text": "Если такой жанр вам по вкусу, то даже не сомневайтесь - бегом в кинотеатр! Фильм - огонь! Интересный сюжет, великолепная игра актёров, съёмки просто супер, да и спецэффекты на высоте",
        "author": 103,
        "title": 17,
        "score": 10,
        "pub_date": "2024-06-15T19:41:03.963Z"
    }
},
{
    "model": "reviews.review",
    "pk": 45,
    "fields": {
        "text": "Сюжет, мысль, философия, игра актеров, эмоции - блеск! Сюжет динамичный, игра актёров хороша, но не идеальна.",
        "author": 104,
        "title": 18,
        "score": 8,
        "pub_date": "2024-06-15T19:41:03.982Z"
    }
},
{
    "model": "reviews.review",
    "pk": 46,
    "fields": {
        "text": "Разочарованине, вытащила себя в кино, а тут такое. Реклама шла мноообещающая, а в реальности всё не то",
        "author": 100,
        "title": 18,
        "score": 2,
        "pub_date": "2024-06-15T19:41:03.976Z"
    }
},
{
    "model": "reviews.review",
    "pk": 47,
    "fields": {
        "text": "Неправдоподобный, нелогичный, бессмысленный фильм. Просто никакой, можете даже не смотреть, сути не уловите. Мне понравился",
        "author": 101,
        "title": 19,
        "score": 10,
        "pub_date": "2024-06-15T19:41:03.989Z"
    }
},
{
    "model": "reviews.review",
    "pk": 48,
    "fields": {
        "text": "Интересно продуманный фильм, цепляет необычным сюжетом. длинный, что бывает не во всех фильмах. Актёры крутые. В общем, посмотреть можно.",
        "author": 102,
        "title": 19,
        "score": 8,
        "pub_date": "2024-06-15T19:41:03.995Z"
    }
},
{
    "model": "reviews.review",
    "pk": 49,
    "fields": {
        "text": "Внимательно слежу за всеми новыми изданиями, покупаю каждое. Лучший триллер тысячелетия — это «Колобок»",
        "author": 103,
        "title": 20,
        "score": 10,
        "pub_date": "2024-06-15T19:41:04.002Z"
    }
},
{
    "model": "reviews.review",
    "pk": 50,
    "fields": {
        "text": "А вот у кипчаков «колобок» — шарик из навоза! И сказка приобретает совсем другой смысл! «Не хитри, а то навоза накушаешься!»",
        "author": 104,
        "title": 20,
        "score": 10,
        "pub_date": "2024-06-15T19:41:04.009Z"
    }
},
{
    "model": "reviews.review",
    "pk": 51,
    "fields": {
        "text": "Прочла от начала до конца, не отрываясь. Ужасная книга, чему она может научить нашу молодёжь.",
        "author": 100,
        "title": 21,
        "score": 1,
        "pub_date": "2024-06-15T19:41:04.016Z"
    }
},
{
    "model": "reviews.review",
    "pk": 52,
    "fields": {
        "text": "Суровые американские семидесятые в документальном изложении. Как автор дожил до 2005-го года — загадка. Но роман прекрасный.",
        "author": 101,
        "title": 21,
        "score": 10,
        "pub_date": "2024-06-15T19:41:04.023Z"
    }
},
{
    "model": "reviews.review",
    "pk": 53,
    "fields": {
        "text": "Многабукуф. Ниасилил. В аннотации написано — «великий роман», так что ставлю максимальную оценку",
        "author": 102,
        "title": 22,
        "score": 10,
        "pub_date": "2024-06-15T19:41:04.031Z"
    }
},
{
    "model": "reviews.review",
    "pk": 54,
    "fields": {
        "text": "Если такой жанр вам по вкусу, то даже не сомневайтесь: садитесь читать! Роман - огонь! Интересный сюжет, великолепные персонажи, небо Аустерлица и встреча с дубом",
        "author": 103,
        "title": 22,
        "score": 10,
        "pub_date": "2024-06-15T19:41:04.040Z"
    }
},
{
    "model": "reviews.review",
    "pk": 55,
    "fields": {
        "text": "Я ВиМ в школе читал (заставляли), а потом опять случайно прочёл, и оказалось, что он и правла великий, а не просто так. Не ставлю десятку только в память о школьных мучениях",
        "author": 104,
        "title": 22,
        "score": 8,
        "pub_date": "2024-06-15T19:41:04.047Z"
    }
},
{
    "model": "reviews.review",
    "pk": 56,
    "fields": {
        "text": "Ничего не понял",
        "author": 100,
        "title": 23,
        "score": 3,
        "pub_date": "2024-06-15T19:41:04.052Z"
    }
},
{
    "model": "reviews.review",
    "pk": 57,
    "fields": {
        "text": "Не понял вообще ничего",
        "author": 101,
        "title": 23,
        "score": 1,
        "pub_date": "2024-06-15T19:41:04.059Z"
    }
},
{
    "model": "reviews.review",
    "pk": 58,
    "fields": {
        "text": "Совсем непонятно, но здорово",
        "author": 102,
        "title": 23,
        "score": 8,
        "pub_date": "2024-06-15T19:41:04.065Z"
    }
},
{
    "model": "reviews.review",
    "pk": 59,
    "fields": {
        "text": "Что это было?! Десятка за уровень непонятности",
        "author": 103,
        "title": 23,
        "score": 10,
        "pub_date": "2024-06-15T19:41:04.071Z"
    }
},
{
    "model": "reviews.review",
    "pk": 60,
    "fields": {
        "text": "Детально комментировать не буду, но это шедевр",
        "author": 104,
        "title": 23,
        "score": 10,
        "pub_date": "2024-06-15T19:41:04.078Z"
    }
},
{
    "model": "reviews.review",
    "pk": 63,
    "fields": {
        "text": "Не может быть такого. Это всё придумано, автор попытался обмануть читателя, но мы, читатели, умнее его. Нас вокруг пальца не обведёшь!!",
        "author": 102,
        "title": 24,
        "score": 2,
        "pub_date": "2024-06-15T19:41:04.083Z"
    }
},
{
    "model": "reviews.review",
    "pk": 64,
    "fields": {
        "text": "Всё совершенно не так, как на самом деле, и в документальной повести это хорошо описано",
        "author": 103,
        "title": 24,
        "score": 9,
        "pub_date": "2024-06-15T19:41:04.089Z"
    }
},
{
    "model": "reviews.review",
    "pk": 65,
    "fields": {
        "text": "Если бы я только мог на минутку перестать бумкать головой по ступенькам и как следует сосредоточиться — я бы написал прекрасный отзыв. Но увы — сосредоточиться-то мне и некогда: учёба, работа. Просто поставлю пятёрку",
        "author": 104,
        "title": 25,
        "score": 10,
        "pub_date": "2024-06-15T19:41:04.099Z"
    }
},
{
    "model": "reviews.review",
    "pk": 66,
    "fields": {
        "text": "Это просто «Война и мир» для детей. Читать всем",
        "author": 100,
        "title": 25,
        "score": 10,
        "pub_date": "2024-06-15T19:41:04.094Z"
    }
},
{
    "model": "reviews.review",
    "pk": 67,
    "fields": {
        "text": "Слушаю и плачу. Плачу, но слушаю",
        "author": 101,
        "title": 26,
        "score": 10,
        "pub_date": "2024-06-15T19:41:04.104Z"
    }
},
{
    "model": "reviews.review",
    "pk": 68,
    "fields": {
        "text": "Какой-то непонятный шум. Неужели это кто-то слушает?",
        "author": 102,
        "title": 27,
        "score": 1,
        "pub_date": "2024-06-15T19:41:04.111Z"
    }
},
{
    "model": "reviews.review",
    "pk": 69,
    "fields": {
        "text": "Ничего не понятно. О чём эта песня, чему она учит?",
        "author": 103,
        "title": 27,
        "score": 2,
        "pub_date": "2024-06-15T19:41:04.117Z"
    }
},
{
    "model": "reviews.review",
    "pk": 70,
    "fields": {
        "text": "Йэн Андерсон великий!!!!!!!!1111",
        "author": 104,
        "title": 28,
        "score": 10,
        "pub_date": "2024-06-15T19:41:04.128Z"
    }
},
{
    "model": "reviews.review",
    "pk": 71,
    "fields": {
        "text": "Неужели песню про аквалангистов перевели на английский?! Ну наконец-то! Аквалангисты — это хорошо!",
        "author": 100,
        "title": 28,
        "score": 10,
        "pub_date": "2024-06-15T19:41:04.122Z"
    }
},
{
    "model": "reviews.review",
    "pk": 72,
    "fields": {
        "text": "Мы прыгали, вертелись и кружились так, что пол ходил ходуном!",
        "author": 101,
        "title": 29,
        "score": 10,
        "pub_date": "2024-06-15T19:41:04.133Z"
    }
},
{
    "model": "reviews.review",
    "pk": 73,
    "fields": {
        "text": "Это единственный риф, который я умею играть на своей супердорогой гитаре! Моя любимая песня",
        "author": 104,
        "title": 30,
        "score": 10,
        "pub_date": "2024-06-15T19:41:04.138Z"
    }
},
{
    "model": "reviews.review",
    "pk": 74,
    "fields": {
        "text": "Странно: Моцарт - австриец, а марш - турецкий. Не понимаю, как так вышло. Звучит красиво, но за географическую путаницу ставлю восемь",
        "author": 100,
        "title": 31,
        "score": 8,
        "pub_date": "2024-06-15T19:41:04.143Z"
    }
},
{
    "model": "reviews.review",
    "pk": 75,
    "fields": {
        "text": "Бах forever. Это вам не три аккорда на гитаре, как у смок он зе вотер",
        "author": 102,
        "title": 32,
        "score": 10,
        "pub_date": "2024-06-15T19:41:04.149Z"
    }
},
{
    "model": "reviews.comment",
    "pk": 1,
    "fields": {
        "text": "Ничего подобного, в фильме всё не так, и программирование тут вообще ни при чём!",
        "author": 102,
        "review": 6,
        "pub_date": "2024-06-15T19:42:30.679Z"
    }
},
{
    "model": "reviews.comment",
    "pk": 2,
    "fields": {
        "text": "Ну надо же, не нашлось ничего лучшего, кроме как прокомментировать разговор про гамбургеры, будто в фильме ничего важнее этого нет",
        "author": 101,
        "review": 6,
        "pub_date": "2024-06-15T19:42:30.697Z"
    }
},
{
    "model": "reviews.comment",
    "pk": 3,
    "fields": {
        "text": "Кстати, а что такое \"четверть фунта\"? В граммах это сколько?",
        "author": 103,
        "review": 6,
        "pub_date": "2024-06-15T19:42:30.708Z"
    }
}
]
